Image Name,Style
0.jpg,2
1.jpg,2
2.jpg,2
3.jpg,2
4.jpg,1
5.jpg,2
6.jpg,1
7.jpg,1
8.jpg,3
9.jpg,3
10.jpg,2
11.jpg,1
12.jpg,2
13.jpg,2
14.jpg,2
15.jpg,4
16.jpg,1
17.jpg,2
18.jpg,2
19.jpg,3
20.jpg,2
21.jpg,1
22.jpg,1
23.jpg,2
24.jpg,2
25.jpg,2
26.jpg,3
27.jpg,2
28.jpg,2
29.jpg,3
30.jpg,2
31.jpg,1
32.jpg,1
33.jpg,1
34.jpg,2
35.jpg,1
36.jpg,1
37.jpg,4
38.jpg,2
39.jpg,2
40.jpg,2
41.jpg,2
42.jpg,2
43.jpg,2
44.jpg,2
45.jpg,2
46.jpg,2
47.jpg,4
48.jpg,1
49.jpg,2
50.jpg,2
51.jpg,2
52.jpg,2
53.jpg,1
54.jpg,2
55.jpg,1
56.jpg,1
57.jpg,4
58.jpg,1
59.jpg,4
60.jpg,2
61.jpg,2
62.jpg,2
63.jpg,2
64.jpg,1
65.jpg,1
66.jpg,4
67.jpg,2
68.jpg,4
69.jpg,4
70.jpg,2
71.jpg,2
72.jpg,1
73.jpg,1
74.jpg,1
75.jpg,2
76.jpg,1
77.jpg,2
78.jpg,2
79.jpg,2
80.jpg,2
81.jpg,2
82.jpg,4
83.jpg,2
84.jpg,2
85.jpg,2
86.jpg,1
87.jpg,1
88.jpg,4
89.jpg,2
90.jpg,2
91.jpg,1
92.jpg,1
93.jpg,2
94.jpg,1
95.jpg,2
96.jpg,2
97.jpg,2
98.jpg,2
99.jpg,2
100.jpg,2
101.jpg,2
102.jpg,2
103.jpg,1
104.jpg,1
105.jpg,1
106.jpg,3
107.jpg,2
108.jpg,2
109.jpg,4
110.jpg,2
111.jpg,2
112.jpg,1
113.jpg,1
114.jpg,2
115.jpg,2
116.jpg,2
117.jpg,3
118.jpg,1
119.jpg,2
120.jpg,2
121.jpg,2
122.jpg,1
123.jpg,1
124.jpg,4
125.jpg,2
126.jpg,2
127.jpg,2
128.jpg,3
129.jpg,1
130.jpg,3
131.jpg,1
132.jpg,3
133.jpg,2
134.jpg,1
135.jpg,1
136.jpg,2
137.jpg,1
138.jpg,2
139.jpg,2
140.jpg,2
141.jpg,2
142.jpg,4
143.jpg,2
144.jpg,1
145.jpg,2
146.jpg,1
147.jpg,2
148.jpg,2
149.jpg,2
150.jpg,2
151.jpg,1
152.jpg,1
153.jpg,2
154.jpg,2
155.jpg,2
156.jpg,2
157.jpg,1
158.jpg,2
159.jpg,1
160.jpg,2
161.jpg,2
162.jpg,2
163.jpg,2
164.jpg,1
165.jpg,4
166.jpg,2
167.jpg,2
168.jpg,1
169.jpg,2
170.jpg,2
171.jpg,2
172.jpg,2
173.jpg,2
174.jpg,2
175.jpg,1
176.jpg,2
177.jpg,2
178.jpg,1
179.jpg,2
180.jpg,1
181.jpg,2
182.jpg,1
183.jpg,2
184.jpg,1
185.jpg,3
186.jpg,2
187.jpg,1
188.jpg,1
189.jpg,2
190.jpg,4
191.jpg,2
192.jpg,2
193.jpg,1
194.jpg,1
195.jpg,2
196.jpg,2
197.jpg,2
198.jpg,2
199.jpg,2
200.jpg,1
201.jpg,2
202.jpg,4
203.jpg,1
204.jpg,3
205.jpg,2
206.jpg,2
207.jpg,4
208.jpg,2
209.jpg,2
210.jpg,2
211.jpg,2
212.jpg,2
213.jpg,2
214.jpg,3
215.jpg,2
216.jpg,2
217.jpg,2
218.jpg,2
219.jpg,2
220.jpg,4
221.jpg,2
222.jpg,2
223.jpg,2
224.jpg,2
225.jpg,1
226.jpg,2
227.jpg,2
228.jpg,2
229.jpg,1
230.jpg,1
231.jpg,2
232.jpg,2
233.jpg,2
234.jpg,1
235.jpg,2
236.jpg,1
237.jpg,1
238.jpg,2
239.jpg,2
240.jpg,2
241.jpg,2
242.jpg,2
243.jpg,2
244.jpg,2
245.jpg,1
246.jpg,4
247.jpg,2
248.jpg,1
249.jpg,1
250.jpg,1
251.jpg,2
252.jpg,1
253.jpg,2
254.jpg,2
255.jpg,3
256.jpg,4
257.jpg,2
258.jpg,4
259.jpg,2
260.jpg,1
261.jpg,4
262.jpg,2
263.jpg,1
264.jpg,2
265.jpg,1
266.jpg,2
267.jpg,2
268.jpg,2
270.jpg,2
271.jpg,4
272.jpg,1
273.jpg,4
274.jpg,3
275.jpg,2
276.jpg,2
277.jpg,1
278.jpg,4
279.jpg,2
280.jpg,4
281.jpg,4
282.jpg,2
283.jpg,2
284.jpg,2
285.jpg,2
286.jpg,2
287.jpg,1
288.jpg,3
289.jpg,1
290.jpg,4
291.jpg,4
292.jpg,2
293.jpg,4
294.jpg,4
295.jpg,4
296.jpg,2
297.jpg,2
299.jpg,2
300.jpg,2
301.jpg,2
302.jpg,3
303.jpg,2
304.jpg,1
305.jpg,2
306.jpg,4
307.jpg,3
308.jpg,2
309.jpg,2
310.jpg,2
311.jpg,4
312.jpg,1
313.jpg,4
314.jpg,2
315.jpg,2
316.jpg,1
317.jpg,4
318.jpg,1
319.jpg,1
320.jpg,1
321.jpg,2
322.jpg,1
323.jpg,2
324.jpg,2
325.jpg,1
326.jpg,2
327.jpg,2
328.jpg,4
329.jpg,2
330.jpg,2
331.jpg,1
332.jpg,2
333.jpg,2
334.jpg,4
335.jpg,2
336.jpg,2
337.jpg,1
338.jpg,4
339.jpg,2
340.jpg,2
341.jpg,1
342.jpg,2
343.jpg,1
344.jpg,2
345.jpg,2
346.jpg,1
347.jpg,2
348.jpg,3
349.jpg,2
350.jpg,1
351.jpg,2
352.jpg,2
353.jpg,4
354.jpg,2
355.jpg,1
356.jpg,2
357.jpg,2
358.jpg,4
359.jpg,2
360.jpg,2
361.jpg,2
362.jpg,2
363.jpg,2
365.jpg,1
366.jpg,1
367.jpg,1
368.jpg,2
369.jpg,1
370.jpg,2
371.jpg,2
372.jpg,4
373.jpg,4
374.jpg,2
375.jpg,2
376.jpg,1
377.jpg,2
378.jpg,2
379.jpg,1
380.jpg,2
381.jpg,2
382.jpg,2
383.jpg,1
384.jpg,2
385.jpg,2
386.jpg,2
387.jpg,3
388.jpg,2
389.jpg,1
390.jpg,2
391.jpg,4
392.jpg,2
393.jpg,1
394.jpg,2
395.jpg,2
396.jpg,2
397.jpg,2
398.jpg,2
399.jpg,2
400.jpg,2
401.jpg,3
402.jpg,3
403.jpg,2
404.jpg,2
405.jpg,1
406.jpg,2
407.jpg,1
408.jpg,2
409.jpg,1
410.jpg,2
411.jpg,2
412.jpg,2
413.jpg,2
414.jpg,2
415.jpg,3
416.jpg,4
417.jpg,2
418.jpg,1
419.jpg,1
420.jpg,2
421.jpg,2
422.jpg,4
423.jpg,2
424.jpg,2
425.jpg,2
426.jpg,4
427.jpg,2
428.jpg,4
429.jpg,1
430.jpg,2
431.jpg,4
432.jpg,2
433.jpg,1
434.jpg,2
435.jpg,3
436.jpg,2
437.jpg,2
438.jpg,2
439.jpg,2
440.jpg,2
441.jpg,2
442.jpg,1
443.jpg,2
444.jpg,1
445.jpg,2
446.jpg,2
447.jpg,2
448.jpg,2
449.jpg,2
450.jpg,2
451.jpg,3
452.jpg,2
453.jpg,2
454.jpg,1
455.jpg,2
456.jpg,2
457.jpg,2
458.jpg,2
459.jpg,2
460.jpg,1
461.jpg,2
462.jpg,2
463.jpg,2
464.jpg,2
465.jpg,4
466.jpg,2
467.jpg,2
468.jpg,2
469.jpg,2
470.jpg,2
471.jpg,2
472.jpg,2
473.jpg,2
474.jpg,4
475.jpg,2
476.jpg,1
477.jpg,1
478.jpg,2
479.jpg,4
480.jpg,2
481.jpg,1
482.jpg,2
483.jpg,2
484.jpg,2
485.jpg,4
486.jpg,1
487.jpg,2
488.jpg,2
489.jpg,2
490.jpg,1
491.jpg,2
492.jpg,2
493.jpg,1
494.jpg,2
495.jpg,2
496.jpg,1
497.jpg,2
498.jpg,1
499.jpg,2
500.jpg,2
501.jpg,1
502.jpg,1
503.jpg,2
504.jpg,2
505.jpg,3
506.jpg,2
507.jpg,1
508.jpg,2
509.jpg,2
510.jpg,4
511.jpg,2
512.jpg,2
513.jpg,2
514.jpg,2
515.jpg,1
516.jpg,1
517.jpg,1
518.jpg,1
519.jpg,2
520.jpg,1
522.jpg,2
523.jpg,4
524.jpg,2
525.jpg,2
526.jpg,2
527.jpg,1
528.jpg,4
529.jpg,2
530.jpg,1
531.jpg,1
532.jpg,1
533.jpg,2
534.jpg,1
535.jpg,4
536.jpg,1
537.jpg,2
538.jpg,1
539.jpg,1
540.jpg,1
541.jpg,1
542.jpg,3
543.jpg,1
544.jpg,4
545.jpg,2
546.jpg,2
547.jpg,4
548.jpg,1
549.jpg,4
550.jpg,2
551.jpg,2
552.jpg,2
553.jpg,2
554.jpg,4
555.jpg,2
556.jpg,1
557.jpg,4
558.jpg,2
559.jpg,2
560.jpg,2
561.jpg,1
562.jpg,2
563.jpg,2
564.jpg,2
565.jpg,2
566.jpg,2
567.jpg,2
568.jpg,2
569.jpg,2
570.jpg,2
571.jpg,2
572.jpg,4
573.jpg,2
574.jpg,2
575.jpg,1
576.jpg,1
577.jpg,3
578.jpg,3
579.jpg,2
580.jpg,3
581.jpg,1
582.jpg,1
583.jpg,2
584.jpg,3
585.jpg,4
586.jpg,3
587.jpg,2
588.jpg,1
589.jpg,1
590.jpg,1
591.jpg,2
592.jpg,4
593.jpg,2
594.jpg,2
595.jpg,2
596.jpg,2
597.jpg,2
598.jpg,1
599.jpg,2
600.jpg,2
601.jpg,2
602.jpg,2
603.jpg,2
604.jpg,2
605.jpg,2
606.jpg,2
607.jpg,2
608.jpg,1
609.jpg,4
610.jpg,2
611.jpg,2
612.jpg,2
613.jpg,2
614.jpg,1
615.jpg,2
616.jpg,2
617.jpg,3
618.jpg,2
619.jpg,2
620.jpg,2
621.jpg,2
622.jpg,2
623.jpg,2
624.jpg,1
625.jpg,2
626.jpg,2
627.jpg,2
628.jpg,1
629.jpg,2
630.jpg,1
631.jpg,2
632.jpg,1
633.jpg,2
634.jpg,1
635.jpg,2
636.jpg,2
637.jpg,2
638.jpg,2
639.jpg,1
640.jpg,2
641.jpg,2
642.jpg,4
643.jpg,1
644.jpg,1
645.jpg,2
646.jpg,2
647.jpg,2
648.jpg,1
649.jpg,2
650.jpg,1
651.jpg,2
652.jpg,2
653.jpg,2
654.jpg,3
655.jpg,2
656.jpg,2
657.jpg,2
658.jpg,2
660.jpg,2
661.jpg,4
662.jpg,2
663.jpg,2
664.jpg,2
665.jpg,2
666.jpg,3
667.jpg,2
668.jpg,2
669.jpg,2
670.jpg,2
671.jpg,2
673.jpg,4
674.jpg,2
675.jpg,1
676.jpg,4
677.jpg,2
678.jpg,3
679.jpg,2
680.jpg,4
681.jpg,1
682.jpg,2
683.jpg,2
684.jpg,2
685.jpg,2
686.jpg,1
687.jpg,3
688.jpg,2
689.jpg,2
690.jpg,2
691.jpg,2
692.jpg,2
693.jpg,1
694.jpg,1
695.jpg,2
696.jpg,2
697.jpg,4
698.jpg,2
699.jpg,1
700.jpg,2
701.jpg,2
702.jpg,3
703.jpg,1
704.jpg,1
705.jpg,2
706.jpg,1
707.jpg,2
708.jpg,2
709.jpg,4
710.jpg,2
711.jpg,2
712.jpg,2
713.jpg,2
714.jpg,2
716.jpg,2
717.jpg,1
718.jpg,4
719.jpg,2
720.jpg,4
721.jpg,2
722.jpg,2
723.jpg,2
724.jpg,2
725.jpg,2
727.jpg,1
728.jpg,1
729.jpg,2
730.jpg,2
731.jpg,2
732.jpg,2
733.jpg,1
734.jpg,1
735.jpg,2
736.jpg,2
737.jpg,2
738.jpg,2
739.jpg,2
740.jpg,1
741.jpg,4
742.jpg,1
743.jpg,1
744.jpg,2
745.jpg,1
746.jpg,2
747.jpg,3
748.jpg,1
749.jpg,4
750.jpg,2
751.jpg,2
752.jpg,2
753.jpg,2
754.jpg,2
755.jpg,1
756.jpg,4
757.jpg,2
758.jpg,2
759.jpg,2
760.jpg,1
761.jpg,1
762.jpg,2
763.jpg,3
764.jpg,2
765.jpg,1
766.jpg,2
767.jpg,2
768.jpg,2
769.jpg,2
770.jpg,2
771.jpg,1
772.jpg,2
773.jpg,1
774.jpg,1
775.jpg,4
776.jpg,2
777.jpg,2
778.jpg,2
779.jpg,4
780.jpg,1
781.jpg,2
782.jpg,2
783.jpg,2
784.jpg,1
785.jpg,2
786.jpg,2
787.jpg,2
788.jpg,4
789.jpg,2
790.jpg,1
791.jpg,2
792.jpg,1
793.jpg,2
794.jpg,4
795.jpg,2
796.jpg,1
797.jpg,2
798.jpg,3
799.jpg,3
800.jpg,2
801.jpg,2
802.jpg,2
803.jpg,1
804.jpg,2
805.jpg,4
806.jpg,2
807.jpg,2
808.jpg,1
809.jpg,1
810.jpg,1
811.jpg,2
812.jpg,2
813.jpg,2
814.jpg,2
815.jpg,4
816.jpg,2
817.jpg,2
818.jpg,2
819.jpg,2
820.jpg,1
821.jpg,2
822.jpg,3
823.jpg,2
824.jpg,2
825.jpg,1
826.jpg,1
827.jpg,2
828.jpg,2
829.jpg,2
830.jpg,2
831.jpg,2
832.jpg,2
833.jpg,1
834.jpg,2
835.jpg,1
836.jpg,2
837.jpg,4
838.jpg,2
839.jpg,2
840.jpg,4
841.jpg,2
842.jpg,2
843.jpg,2
844.jpg,2
845.jpg,2
846.jpg,2
847.jpg,2
848.jpg,3
849.jpg,1
850.jpg,2
851.jpg,4
852.jpg,2
853.jpg,2
854.jpg,2
855.jpg,1
856.jpg,2
857.jpg,2
858.jpg,2
859.jpg,1
860.jpg,2
861.jpg,4
862.jpg,2
863.jpg,2
864.jpg,2
865.jpg,1
866.jpg,2
867.jpg,1
868.jpg,2
869.jpg,4
870.jpg,2
871.jpg,2
873.jpg,3
874.jpg,2
875.jpg,2
876.jpg,2
877.jpg,4
878.jpg,2
879.jpg,4
880.jpg,2
881.jpg,1
882.jpg,1
883.jpg,1
884.jpg,2
885.jpg,1
886.jpg,2
887.jpg,2
889.jpg,4
890.jpg,2
891.jpg,2
892.jpg,2
893.jpg,4
894.jpg,4
895.jpg,2
896.jpg,1
897.jpg,2
898.jpg,2
899.jpg,1
900.jpg,3
901.jpg,3
902.jpg,1
903.jpg,2
904.jpg,2
905.jpg,2
906.jpg,4
907.jpg,2
908.jpg,2
909.jpg,2
910.jpg,2
911.jpg,2
912.jpg,2
913.jpg,4
914.jpg,2
915.jpg,4
916.jpg,2
917.jpg,1
918.jpg,2
919.jpg,2
920.jpg,1
922.jpg,2
923.jpg,2
924.jpg,4
925.jpg,2
926.jpg,2
927.jpg,1
928.jpg,2
929.jpg,2
930.jpg,1
931.jpg,2
932.jpg,2
933.jpg,2
934.jpg,2
935.jpg,1
936.jpg,2
937.jpg,4
938.jpg,2
939.jpg,2
940.jpg,2
941.jpg,1
942.jpg,1
943.jpg,2
944.jpg,2
945.jpg,2
946.jpg,2
947.jpg,2
948.jpg,3
949.jpg,2
950.jpg,1
951.jpg,2
952.jpg,2
953.jpg,2
954.jpg,2
955.jpg,2
956.jpg,2
957.jpg,2
958.jpg,2
959.jpg,1
960.jpg,1
961.jpg,2
962.jpg,2
963.jpg,2
964.jpg,1
965.jpg,2
966.jpg,2
967.jpg,1
968.jpg,1
969.jpg,2
970.jpg,4
972.jpg,2
973.jpg,2
974.jpg,4
975.jpg,2
976.jpg,4
977.jpg,1
978.jpg,2
979.jpg,2
980.jpg,2
981.jpg,1
982.jpg,2
983.jpg,1
984.jpg,1
985.jpg,3
986.jpg,2
987.jpg,2
988.jpg,2
989.jpg,1
990.jpg,1
991.jpg,2
992.jpg,1
993.jpg,2
994.jpg,2
995.jpg,2
997.jpg,1
998.jpg,1
999.jpg,1
1000.jpg,1
1001.jpg,2
1002.jpg,2
1003.jpg,2
1004.jpg,4
1005.jpg,2
1006.jpg,4
1007.jpg,1
1008.jpg,1
1009.jpg,1
1010.jpg,2
1011.jpg,2
1012.jpg,1
1013.jpg,2
1014.jpg,2
1015.jpg,2
1016.jpg,2
1017.jpg,2
1018.jpg,2
1019.jpg,2
1020.jpg,1
1021.jpg,2
1022.jpg,4
1023.jpg,1
1024.jpg,2
1025.jpg,2
1026.jpg,1
1027.jpg,1
1028.jpg,2
1029.jpg,2
1030.jpg,1
1031.jpg,2
1032.jpg,2
1033.jpg,1
1034.jpg,2
1035.jpg,2
1036.jpg,2
1037.jpg,2
1038.jpg,4
1039.jpg,1
1040.jpg,2
1041.jpg,2
1042.jpg,2
1043.jpg,2
1044.jpg,2
1045.jpg,2
1046.jpg,2
1047.jpg,2
1048.jpg,2
1049.jpg,2
1050.jpg,1
1051.jpg,2
1052.jpg,1
1053.jpg,2
1054.jpg,1
1055.jpg,3
1056.jpg,2
1057.jpg,4
1058.jpg,2
1059.jpg,1
1060.jpg,2
1061.jpg,1
1062.jpg,1
1063.jpg,2
1064.jpg,2
1065.jpg,2
1066.jpg,1
1067.jpg,4
1068.jpg,2
1069.jpg,2
1070.jpg,2
1071.jpg,2
1072.jpg,2
1073.jpg,1
1074.jpg,2
1075.jpg,2
1076.jpg,2
1077.jpg,2
1078.jpg,2
1079.jpg,2
1080.jpg,1
1081.jpg,2
1082.jpg,2
1083.jpg,2
1084.jpg,3
1085.jpg,1
1086.jpg,2
1087.jpg,2
1088.jpg,1
1089.jpg,1
1090.jpg,2
1091.jpg,2
1092.jpg,2
1093.jpg,2
1094.jpg,1
1095.jpg,2
1096.jpg,2
1097.jpg,1
1098.jpg,2
1099.jpg,2
1100.jpg,2
1101.jpg,2
1102.jpg,1
1103.jpg,2
1104.jpg,2
1105.jpg,4
1106.jpg,1
1107.jpg,2
1108.jpg,2
1109.jpg,3
1110.jpg,1
1111.jpg,2
1112.jpg,2
1113.jpg,2
1114.jpg,2
1115.jpg,2
1116.jpg,3
1117.jpg,2
1118.jpg,2
1119.jpg,1
1120.jpg,1
1121.jpg,1
1122.jpg,4
1123.jpg,2
1124.jpg,1
1125.jpg,2
1126.jpg,2
1127.jpg,3
1128.jpg,2
1129.jpg,4
1130.jpg,2
1131.jpg,1
1132.jpg,2
1133.jpg,2
1134.jpg,1
1135.jpg,2
1136.jpg,2
1137.jpg,2
1138.jpg,2
1139.jpg,2
1140.jpg,2
1141.jpg,2
1142.jpg,2
1143.jpg,2
1144.jpg,2
1145.jpg,2
1146.jpg,2
1147.jpg,2
1148.jpg,2
1149.jpg,2
1150.jpg,2
1151.jpg,4
1152.jpg,2
1153.jpg,1
1154.jpg,2
1155.jpg,2
1156.jpg,1
1157.jpg,1
1158.jpg,1
1159.jpg,2
1160.jpg,3
1161.jpg,1
1162.jpg,1
1163.jpg,2
1164.jpg,2
1165.jpg,2
1166.jpg,2
1167.jpg,1
1168.jpg,2
1169.jpg,1
1170.jpg,2
1171.jpg,2
1172.jpg,2
1173.jpg,2
1174.jpg,1
1175.jpg,1
1176.jpg,2
1177.jpg,2
1178.jpg,4
1179.jpg,2
1180.jpg,1
1181.jpg,2
1182.jpg,2
1183.jpg,1
1184.jpg,2
1185.jpg,1
1186.jpg,2
1187.jpg,3
1188.jpg,4
1189.jpg,2
1190.jpg,2
1191.jpg,1
1192.jpg,2
1193.jpg,4
1194.jpg,2
1195.jpg,4
1196.jpg,2
1197.jpg,2
1198.jpg,2
1199.jpg,1
1200.jpg,2
1201.jpg,1
1202.jpg,2
1203.jpg,3
1204.jpg,3
1205.jpg,2
1206.jpg,2
1207.jpg,1
1208.jpg,1
1209.jpg,1
1210.jpg,2
1211.jpg,2
1212.jpg,2
1213.jpg,2
1214.jpg,1
1215.jpg,1
1216.jpg,1
1217.jpg,1
1218.jpg,2
1219.jpg,2
1220.jpg,2
1221.jpg,2
1222.jpg,2
1223.jpg,1
1224.jpg,2
1225.jpg,2
1226.jpg,2
1227.jpg,2
1228.jpg,2
1229.jpg,1
1230.jpg,2
1231.jpg,2
1232.jpg,1
1233.jpg,2
1234.jpg,4
1235.jpg,1
1236.jpg,2
1237.jpg,4
1238.jpg,2
1239.jpg,1
1241.jpg,2
1242.jpg,2
1243.jpg,4
1244.jpg,2
1245.jpg,4
1246.jpg,2
1247.jpg,2
1248.jpg,1
1249.jpg,2
1250.jpg,2
1251.jpg,2
1252.jpg,2
1253.jpg,2
1254.jpg,4
1255.jpg,1
1256.jpg,1
1257.jpg,2
1258.jpg,1
1259.jpg,1
1260.jpg,1
1261.jpg,2
1262.jpg,2
1263.jpg,2
1264.jpg,2
1265.jpg,2
1266.jpg,1
1267.jpg,2
1268.jpg,1
1269.jpg,2
1270.jpg,2
1271.jpg,2
1272.jpg,1
1273.jpg,1
1274.jpg,1
1275.jpg,1
1276.jpg,1
1277.jpg,1
1278.jpg,4
1279.jpg,2
1280.jpg,2
1281.jpg,2
1282.jpg,2
1283.jpg,2
1284.jpg,2
1285.jpg,2
1286.jpg,3
1287.jpg,2
1288.jpg,1
1289.jpg,2
1290.jpg,2
1291.jpg,2
1292.jpg,1
1293.jpg,1
1294.jpg,1
1295.jpg,1
1296.jpg,1
1297.jpg,2
1298.jpg,4
1299.jpg,4
1300.jpg,2
1301.jpg,3
1302.jpg,2
1303.jpg,2
1304.jpg,1
1305.jpg,2
1306.jpg,2
1307.jpg,2
1308.jpg,4
1309.jpg,2
1310.jpg,1
1311.jpg,2
1312.jpg,4
1313.jpg,2
1314.jpg,2
1315.jpg,2
1316.jpg,3
1317.jpg,2
1318.jpg,2
1319.jpg,2
1320.jpg,1
1321.jpg,2
1322.jpg,2
1323.jpg,3
1324.jpg,2
1325.jpg,1
1326.jpg,1
1327.jpg,2
1328.jpg,2
1329.jpg,2
1331.jpg,2
1332.jpg,3
1333.jpg,2
1334.jpg,2
1335.jpg,2
1336.jpg,2
1337.jpg,2
1338.jpg,1
1339.jpg,2
1340.jpg,2
1341.jpg,2
1342.jpg,2
1343.jpg,2
1344.jpg,4
1345.jpg,2
1346.jpg,2
1347.jpg,2
1348.jpg,2
1349.jpg,2
1350.jpg,2
1351.jpg,2
1352.jpg,4
1353.jpg,3
1354.jpg,2
1355.jpg,2
1356.jpg,2
1357.jpg,4
1358.jpg,4
1359.jpg,2
1360.jpg,2
1361.jpg,2
1362.jpg,1
1363.jpg,1
1364.jpg,4
1365.jpg,2
1366.jpg,2
1367.jpg,1
1368.jpg,1
1369.jpg,2
1370.jpg,2
1372.jpg,4
1373.jpg,4
1374.jpg,2
1375.jpg,2
1376.jpg,2
1377.jpg,2
1378.jpg,1
1379.jpg,2
1380.jpg,2
1381.jpg,1
1382.jpg,1
1383.jpg,1
1384.jpg,2
1385.jpg,2
1386.jpg,1
1387.jpg,2
1388.jpg,2
1389.jpg,1
1390.jpg,1
1391.jpg,2
1392.jpg,4
1393.jpg,4
1394.jpg,2
1395.jpg,2
1396.jpg,2
1397.jpg,2
1398.jpg,1
1399.jpg,2
1400.jpg,2
1401.jpg,3
1402.jpg,2
1403.jpg,1
1404.jpg,2
1405.jpg,2
1406.jpg,2
1407.jpg,1
1408.jpg,2
1409.jpg,4
1410.jpg,2
1411.jpg,1
1412.jpg,2
1413.jpg,2
1414.jpg,2
1415.jpg,2
1416.jpg,2
1417.jpg,2
1418.jpg,2
1419.jpg,1
1420.jpg,2
1421.jpg,2
1422.jpg,2
1423.jpg,2
1424.jpg,2
1425.jpg,2
1426.jpg,1
1427.jpg,1
1428.jpg,4
1429.jpg,4
1430.jpg,2
1431.jpg,2
1432.jpg,3
1433.jpg,2
1434.jpg,1
1435.jpg,1
1436.jpg,2
1437.jpg,2
1438.jpg,1
1439.jpg,2
1440.jpg,1
1441.jpg,4
1442.jpg,3
1443.jpg,2
1444.jpg,2
1445.jpg,1
1446.jpg,2
1447.jpg,2
1448.jpg,2
1449.jpg,2
1450.jpg,2
1451.jpg,3
1452.jpg,3
1453.jpg,1
1454.jpg,2
1455.jpg,2
1456.jpg,2
1457.jpg,2
1458.jpg,2
1459.jpg,2
1460.jpg,1
1461.jpg,1
1462.jpg,1
1463.jpg,3
1464.jpg,2
1465.jpg,2
1466.jpg,2
1467.jpg,2
1468.jpg,2
1469.jpg,2
1470.jpg,3
1471.jpg,1
1472.jpg,2
1473.jpg,2
1474.jpg,4
1475.jpg,2
1476.jpg,2
1477.jpg,2
1478.jpg,2
1479.jpg,3
1480.jpg,2
1481.jpg,2
1482.jpg,2
1483.jpg,2
1484.jpg,4
1485.jpg,2
1486.jpg,3
1487.jpg,2
1488.jpg,2
1489.jpg,2
1490.jpg,1
1491.jpg,2
1492.jpg,2
1493.jpg,1
1494.jpg,3
1495.jpg,2
1496.jpg,4
1497.jpg,2
1498.jpg,1
1499.jpg,2
1500.jpg,2
1501.jpg,2
1502.jpg,2
1503.jpg,2
1504.jpg,1
1505.jpg,1
1506.jpg,2
1507.jpg,4
1508.jpg,2
1509.jpg,2
1510.jpg,1
1511.jpg,2
1512.jpg,2
1513.jpg,2
1514.jpg,2
1515.jpg,2
1516.jpg,1
1517.jpg,2
1518.jpg,2
1519.jpg,2
1520.jpg,2
1521.jpg,2
1522.jpg,1
1523.jpg,2
1524.jpg,2
1525.jpg,2
1526.jpg,1
1527.jpg,2
1528.jpg,3
1529.jpg,4
1530.jpg,2
1531.jpg,1
1532.jpg,2
1533.jpg,2
1534.jpg,3
1535.jpg,2
1536.jpg,2
1537.jpg,2
1538.jpg,2
1539.jpg,2
1540.jpg,2
1541.jpg,1
1542.jpg,2
1543.jpg,2
1544.jpg,3
1545.jpg,1
1546.jpg,1
1547.jpg,2
1548.jpg,4
1549.jpg,4
1550.jpg,1
1551.jpg,2
1552.jpg,1
1553.jpg,2
1554.jpg,2
1555.jpg,2
1556.jpg,1
1557.jpg,2
1558.jpg,1
1559.jpg,4
1560.jpg,1
1561.jpg,3
1562.jpg,1
1563.jpg,2
1564.jpg,2
1565.jpg,2
1566.jpg,2
1567.jpg,2
1568.jpg,2
1569.jpg,2
1570.jpg,1
1571.jpg,1
1572.jpg,4
1573.jpg,2
1575.jpg,2
1576.jpg,2
1577.jpg,2
1578.jpg,1
1579.jpg,2
1580.jpg,2
1581.jpg,2
1582.jpg,2
1583.jpg,2
1584.jpg,4
1585.jpg,2
1586.jpg,2
1587.jpg,1
1588.jpg,1
1589.jpg,1
1590.jpg,1
1591.jpg,2
1592.jpg,1
1593.jpg,2
1594.jpg,2
1595.jpg,1
1596.jpg,2
1597.jpg,1
1598.jpg,2
1599.jpg,2
1600.jpg,4
1601.jpg,2
1602.jpg,2
1603.jpg,2
1604.jpg,2
1605.jpg,2
1606.jpg,2
1607.jpg,2
1608.jpg,1
1609.jpg,2
1610.jpg,2
1611.jpg,1
1612.jpg,2
1613.jpg,2
1614.jpg,2
1615.jpg,4
1616.jpg,2
1617.jpg,2
1618.jpg,2
1620.jpg,4
1621.jpg,1
1622.jpg,4
1623.jpg,2
1624.jpg,2
1625.jpg,2
1626.jpg,2
1627.jpg,1
1628.jpg,1
1629.jpg,2
1630.jpg,3
1631.jpg,2
1632.jpg,1
1633.jpg,2
1634.jpg,2
1635.jpg,2
1636.jpg,2
1637.jpg,2
1638.jpg,2
1639.jpg,2
1640.jpg,2
1641.jpg,2
1642.jpg,2
1643.jpg,1
1645.jpg,1
1646.jpg,3
1647.jpg,1
1648.jpg,2
1649.jpg,2
1650.jpg,2
1651.jpg,2
1652.jpg,2
1653.jpg,3
1654.jpg,1
1655.jpg,2
1656.jpg,2
1657.jpg,1
1658.jpg,2
1659.jpg,1
1660.jpg,1
1661.jpg,3
1662.jpg,2
1663.jpg,4
1664.jpg,2
1665.jpg,2
1666.jpg,1
1667.jpg,2
1668.jpg,2
1669.jpg,2
1670.jpg,2
1671.jpg,1
1672.jpg,4
1673.jpg,2
1674.jpg,2
1675.jpg,2
1676.jpg,2
1677.jpg,2
1678.jpg,2
1679.jpg,2
1680.jpg,2
1681.jpg,1
1682.jpg,2
1683.jpg,2
1684.jpg,2
1685.jpg,1
1686.jpg,2
1687.jpg,2
1688.jpg,2
1689.jpg,2
1690.jpg,2
1691.jpg,3
1692.jpg,1
1693.jpg,1
1694.jpg,2
1695.jpg,1
1696.jpg,1
1697.jpg,2
1698.jpg,2
1699.jpg,2
1700.jpg,2
1701.jpg,2
1702.jpg,2
1703.jpg,2
1705.jpg,2
1706.jpg,2
1707.jpg,2
1708.jpg,1
1709.jpg,2
1710.jpg,2
1711.jpg,2
1712.jpg,2
1713.jpg,1
1714.jpg,2
1715.jpg,2
1716.jpg,4
1717.jpg,2
1718.jpg,4
1719.jpg,1
1720.jpg,2
1721.jpg,2
1722.jpg,1
1724.jpg,2
1725.jpg,2
1726.jpg,2
1727.jpg,2
1728.jpg,4
1729.jpg,1
1730.jpg,4
1731.jpg,2
1732.jpg,2
1733.jpg,1
1734.jpg,2
1735.jpg,2
1737.jpg,2
1738.jpg,3
1739.jpg,2
1740.jpg,2
1741.jpg,2
1742.jpg,4
1743.jpg,2
1744.jpg,2
1745.jpg,1
1746.jpg,2
1747.jpg,2
1748.jpg,2
1749.jpg,1
1750.jpg,2
1751.jpg,4
1752.jpg,1
1753.jpg,2
1754.jpg,1
1755.jpg,1
1756.jpg,1
1757.jpg,1
1758.jpg,2
1759.jpg,1
1760.jpg,2
1761.jpg,2
1762.jpg,2
1763.jpg,2
1764.jpg,2
1765.jpg,2
1766.jpg,4
1767.jpg,2
1768.jpg,1
1769.jpg,1
1770.jpg,2
1771.jpg,2
1772.jpg,1
1773.jpg,1
1774.jpg,2
1775.jpg,1
1776.jpg,2
1777.jpg,2
1778.jpg,4
1779.jpg,2
1780.jpg,1
1781.jpg,2
1782.jpg,2
1783.jpg,4
1784.jpg,2
1785.jpg,2
1786.jpg,2
1787.jpg,1
1788.jpg,1
1789.jpg,3
1790.jpg,2
1791.jpg,3
1792.jpg,4
1793.jpg,2
1794.jpg,2
1795.jpg,2
1796.jpg,2
1797.jpg,1
1798.jpg,2
1799.jpg,2
1800.jpg,2
1801.jpg,2
1802.jpg,2
1803.jpg,2
1804.jpg,2
1805.jpg,2
1806.jpg,4
1807.jpg,1
1808.jpg,2
1809.jpg,2
1810.jpg,4
1811.jpg,2
1812.jpg,1
1813.jpg,4
1814.jpg,1
1815.jpg,2
1816.jpg,2
1817.jpg,1
1818.jpg,2
1819.jpg,2
1820.jpg,2
1821.jpg,2
1822.jpg,2
1823.jpg,2
1824.jpg,2
1825.jpg,1
1826.jpg,2
1827.jpg,2
1828.jpg,2
1829.jpg,2
1830.jpg,2
1831.jpg,2
1832.jpg,2
1833.jpg,1
1834.jpg,4
1835.jpg,2
1836.jpg,1
1837.jpg,2
1838.jpg,2
1839.jpg,2
1840.jpg,2
1841.jpg,4
1842.jpg,2
1843.jpg,3
1844.jpg,2
1845.jpg,1
1846.jpg,2
1847.jpg,1
1848.jpg,1
1849.jpg,2
1850.jpg,2
1851.jpg,2
1852.jpg,2
1853.jpg,2
1854.jpg,2
1855.jpg,2
1856.jpg,2
1857.jpg,4
1858.jpg,1
1859.jpg,2
1860.jpg,2
1861.jpg,2
1862.jpg,4
1863.jpg,3
1864.jpg,4
1865.jpg,1
1866.jpg,2
1867.jpg,1
1868.jpg,3
1869.jpg,4
1870.jpg,1
1871.jpg,1
1872.jpg,1
1873.jpg,2
1874.jpg,2
1875.jpg,2
1876.jpg,1
1877.jpg,1
1878.jpg,2
1879.jpg,1
1880.jpg,2
1881.jpg,2
1882.jpg,2
1883.jpg,2
1884.jpg,1
1885.jpg,4
1886.jpg,2
1887.jpg,4
1888.jpg,2
1889.jpg,2
1890.jpg,2
1891.jpg,2
1892.jpg,2
1893.jpg,1
1894.jpg,2
1895.jpg,1
1896.jpg,3
1897.jpg,2
1898.jpg,1
1899.jpg,2
1900.jpg,1
1901.jpg,2
1902.jpg,2
1903.jpg,2
1904.jpg,4
1905.jpg,1
1906.jpg,2
1907.jpg,2
1908.jpg,1
1909.jpg,2
1910.jpg,1
1911.jpg,4
1912.jpg,2
1913.jpg,2
1914.jpg,2
1915.jpg,2
1916.jpg,2
1917.jpg,2
1918.jpg,2
1919.jpg,4
1920.jpg,1
1921.jpg,2
1922.jpg,1
1923.jpg,1
1924.jpg,2
1925.jpg,2
1926.jpg,2
1927.jpg,1
1928.jpg,2
1929.jpg,1
1931.jpg,2
1932.jpg,2
1933.jpg,2
1934.jpg,2
1935.jpg,1
1936.jpg,1
1937.jpg,1
1938.jpg,2
1939.jpg,1
1940.jpg,4
1941.jpg,1
1942.jpg,2
1943.jpg,4
1944.jpg,1
1945.jpg,2
1946.jpg,2
1947.jpg,1
1948.jpg,2
1949.jpg,3
1950.jpg,3
1951.jpg,1
1952.jpg,2
1953.jpg,3
1955.jpg,3
1956.jpg,2
1957.jpg,2
1958.jpg,4
1959.jpg,1
1960.jpg,2
1961.jpg,3
1962.jpg,4
1963.jpg,2
1964.jpg,3
1965.jpg,2
1966.jpg,1
1967.jpg,2
1968.jpg,2
1969.jpg,1
1970.jpg,2
1971.jpg,2
1972.jpg,2
1973.jpg,2
1974.jpg,1
1975.jpg,4
1976.jpg,1
1977.jpg,4
1978.jpg,1
1979.jpg,2
1980.jpg,2
1981.jpg,2
1982.jpg,2
1983.jpg,3
1984.jpg,2
1985.jpg,1
1986.jpg,2
1987.jpg,1
1988.jpg,3
1989.jpg,4
1990.jpg,2
1991.jpg,4
1992.jpg,1
1993.jpg,1
1994.jpg,2
1995.jpg,1
1996.jpg,2
1997.jpg,2
1998.jpg,2
1999.jpg,2
2000.jpg,1
2001.jpg,2
2002.jpg,4
2003.jpg,2
2004.jpg,2
2005.jpg,1
2006.jpg,2
2007.jpg,2
2008.jpg,2
2009.jpg,2
2010.jpg,1
2011.jpg,2
2012.jpg,2
2013.jpg,4
2014.jpg,2
2015.jpg,2
2016.jpg,4
2017.jpg,1
2018.jpg,4
2019.jpg,2
2020.jpg,2
2021.jpg,2
2022.jpg,1
2023.jpg,2
2024.jpg,2
2025.jpg,2
2027.jpg,2
2028.jpg,2
2029.jpg,2
2030.jpg,2
2031.jpg,1
2032.jpg,3
2033.jpg,2
2034.jpg,1
2035.jpg,4
2036.jpg,1
2037.jpg,2
2038.jpg,2
2039.jpg,2
2040.jpg,1
2041.jpg,1
2042.jpg,2
2043.jpg,1
2044.jpg,4
2045.jpg,4
2046.jpg,4
2047.jpg,2
2048.jpg,4
2049.jpg,2
2050.jpg,1
2051.jpg,1
2052.jpg,1
2053.jpg,1
2054.jpg,2
2055.jpg,2
2056.jpg,2
2057.jpg,2
2058.jpg,2
2059.jpg,1
2060.jpg,1
2061.jpg,4
2062.jpg,4
2063.jpg,1
2064.jpg,2
2065.jpg,1
2066.jpg,2
2067.jpg,3
2068.jpg,2
2069.jpg,4
2070.jpg,4
2071.jpg,2
2072.jpg,4
2073.jpg,2
2074.jpg,1
2075.jpg,3
2076.jpg,2
2077.jpg,2
2078.jpg,1
2079.jpg,4
2080.jpg,2
2081.jpg,2
2082.jpg,1
2083.jpg,4
2084.jpg,4
2085.jpg,1
2086.jpg,4
2087.jpg,4
2088.jpg,2
2089.jpg,2
2090.jpg,2
2091.jpg,1
2092.jpg,3
2093.jpg,2
2095.jpg,2
2096.jpg,1
2097.jpg,2
2098.jpg,2
2099.jpg,1
2100.jpg,2
2101.jpg,4
2102.jpg,2
2103.jpg,1
2104.jpg,2
2105.jpg,2
2106.jpg,2
2107.jpg,2
2108.jpg,2
2109.jpg,2
2110.jpg,2
2111.jpg,1
2112.jpg,2
2113.jpg,2
2114.jpg,2
2115.jpg,2
2116.jpg,1
2117.jpg,3
2118.jpg,2
2119.jpg,4
2120.jpg,2
2121.jpg,2
2122.jpg,2
2123.jpg,4
2124.jpg,2
2125.jpg,2
2126.jpg,2
2127.jpg,2
2128.jpg,1
2129.jpg,2
2130.jpg,1
2131.jpg,2
2132.jpg,2
2133.jpg,2
2134.jpg,2
2135.jpg,2
2136.jpg,2
2137.jpg,2
2138.jpg,1
2139.jpg,2
2140.jpg,2
2141.jpg,4
2142.jpg,3
2143.jpg,2
2144.jpg,1
2145.jpg,2
2146.jpg,2
2147.jpg,2
2148.jpg,2
2149.jpg,1
2150.jpg,3
2151.jpg,1
2153.jpg,2
2154.jpg,2
2155.jpg,2
2156.jpg,2
2157.jpg,2
2158.jpg,2
2159.jpg,1
2160.jpg,2
2161.jpg,1
2162.jpg,1
2163.jpg,3
2164.jpg,3
2165.jpg,2
2166.jpg,4
2167.jpg,4
2169.jpg,3
2170.jpg,2
2171.jpg,2
2172.jpg,1
2173.jpg,4
2174.jpg,1
2175.jpg,2
2176.jpg,2
2177.jpg,2
2178.jpg,2
2179.jpg,1
2180.jpg,2
2181.jpg,2
2182.jpg,3
2183.jpg,4
2184.jpg,1
2185.jpg,2
2186.jpg,2
2187.jpg,1
2188.jpg,4
2189.jpg,2
2190.jpg,2
2191.jpg,2
2192.jpg,2
2193.jpg,2
2194.jpg,2
2195.jpg,2
2196.jpg,1
2197.jpg,2
2198.jpg,1
2199.jpg,1
2200.jpg,2
2201.jpg,2
2202.jpg,2
2203.jpg,2
2204.jpg,2
2206.jpg,1
2207.jpg,2
2208.jpg,4
2209.jpg,2
2210.jpg,2
2211.jpg,4
2212.jpg,2
2213.jpg,2
2214.jpg,2
2215.jpg,2
2216.jpg,2
2217.jpg,2
2218.jpg,2
2219.jpg,2
2220.jpg,1
2221.jpg,4
2222.jpg,2
2223.jpg,2
2224.jpg,2
2225.jpg,2
2226.jpg,2
2227.jpg,1
2228.jpg,2
2229.jpg,1
2230.jpg,1
2231.jpg,2
2232.jpg,1
2233.jpg,1
2234.jpg,2
2235.jpg,1
2236.jpg,2
2237.jpg,2
2238.jpg,4
2239.jpg,4
2240.jpg,2
2241.jpg,2
2242.jpg,2
2243.jpg,2
2244.jpg,1
2245.jpg,3
2246.jpg,2
2247.jpg,2
2248.jpg,2
2249.jpg,1
2250.jpg,3
2251.jpg,1
2252.jpg,2
2253.jpg,1
2255.jpg,1
2257.jpg,2
2258.jpg,1
2259.jpg,2
2260.jpg,2
2261.jpg,4
2262.jpg,2
2263.jpg,3
2264.jpg,2
2265.jpg,4
2266.jpg,2
2267.jpg,1
2268.jpg,2
2269.jpg,2
2270.jpg,2
2271.jpg,2
2272.jpg,4
2273.jpg,1
2274.jpg,2
2275.jpg,2
2276.jpg,2
2277.jpg,4
2278.jpg,2
2279.jpg,2
2280.jpg,2
2281.jpg,2
2282.jpg,1
2283.jpg,2
2284.jpg,2
2285.jpg,2
2286.jpg,2
2287.jpg,2
2288.jpg,4
2289.jpg,2
2290.jpg,1
2291.jpg,2
2292.jpg,2
2293.jpg,2
2294.jpg,2
2295.jpg,2
2296.jpg,2
2297.jpg,1
2298.jpg,2
2299.jpg,2
2300.jpg,2
2301.jpg,3
2302.jpg,3
2303.jpg,1
2304.jpg,2
2305.jpg,2
2306.jpg,2
2307.jpg,1
2308.jpg,2
2309.jpg,2
2310.jpg,2
2311.jpg,1
2312.jpg,1
2313.jpg,2
2314.jpg,2
2315.jpg,2
2316.jpg,3
2317.jpg,3
2318.jpg,4
2319.jpg,1
2320.jpg,4
2322.jpg,1
2323.jpg,2
2324.jpg,2
2325.jpg,4
2326.jpg,2
2327.jpg,2
2328.jpg,2
2329.jpg,2
2330.jpg,3
2331.jpg,1
2332.jpg,1
2333.jpg,2
2334.jpg,2
2335.jpg,1
2336.jpg,1
2337.jpg,2
2338.jpg,4
2339.jpg,2
2340.jpg,1
2341.jpg,1
2342.jpg,3
2343.jpg,1
2344.jpg,2
2345.jpg,2
2346.jpg,1
2347.jpg,4
2348.jpg,2
2349.jpg,1
2350.jpg,3
2352.jpg,2
2353.jpg,1
2354.jpg,1
2355.jpg,4
2356.jpg,2
2357.jpg,3
2358.jpg,4
2359.jpg,2
2360.jpg,1
2361.jpg,2
2362.jpg,1
2363.jpg,4
2364.jpg,2
2365.jpg,2
2366.jpg,2
2367.jpg,2
2368.jpg,2
2369.jpg,2
2370.jpg,2
2371.jpg,2
2372.jpg,2
2373.jpg,1
2374.jpg,2
2375.jpg,3
2376.jpg,2
2377.jpg,1
2378.jpg,2
2379.jpg,2
2380.jpg,4
2381.jpg,2
2382.jpg,4
2383.jpg,2
2384.jpg,2
2385.jpg,2
2386.jpg,1
2387.jpg,1
2388.jpg,4
2389.jpg,2
2390.jpg,1
2391.jpg,2
2392.jpg,2
2393.jpg,1
2394.jpg,2
2395.jpg,2
2396.jpg,1
2397.jpg,1
2398.jpg,2
2399.jpg,2
2400.jpg,2
2401.jpg,4
2402.jpg,2
2403.jpg,2
2404.jpg,3
2405.jpg,1
2406.jpg,2
2407.jpg,2
2408.jpg,2
2409.jpg,2
2410.jpg,2
2411.jpg,2
2412.jpg,2
2413.jpg,2
2414.jpg,2
2415.jpg,4
2416.jpg,1
2417.jpg,2
2418.jpg,2
2419.jpg,4
2420.jpg,2
2421.jpg,2
2422.jpg,1
2423.jpg,1
2424.jpg,1
2425.jpg,1
2426.jpg,2
2427.jpg,2
2428.jpg,2
2429.jpg,2
2430.jpg,2
2431.jpg,2
2432.jpg,2
2433.jpg,2
2434.jpg,1
2435.jpg,2
2436.jpg,3
2437.jpg,1
2438.jpg,2
2439.jpg,4
2440.jpg,2
2442.jpg,1
2443.jpg,2
2444.jpg,3
2445.jpg,2
2446.jpg,4
2447.jpg,2
2448.jpg,2
2449.jpg,1
2450.jpg,2
2451.jpg,2
2452.jpg,2
2453.jpg,1
2454.jpg,2
2455.jpg,2
2456.jpg,2
2457.jpg,2
2458.jpg,2
2459.jpg,2
2460.jpg,1
2461.jpg,1
2462.jpg,2
2463.jpg,2
2464.jpg,2
2465.jpg,1
2466.jpg,1
2467.jpg,4
2468.jpg,2
2469.jpg,4
2470.jpg,2
2472.jpg,2
2473.jpg,2
2474.jpg,2
2475.jpg,2
2476.jpg,2
2477.jpg,1
2478.jpg,2
2479.jpg,2
2480.jpg,4
2481.jpg,2
2482.jpg,2
2483.jpg,2
2484.jpg,2
2485.jpg,4
2486.jpg,2
2487.jpg,4
2488.jpg,1
2489.jpg,2
2490.jpg,3
2491.jpg,2
2492.jpg,2
2493.jpg,1
2494.jpg,2
2495.jpg,4
2496.jpg,2
2497.jpg,2
2498.jpg,1
2499.jpg,2
2500.jpg,2
2501.jpg,2
2502.jpg,2
2503.jpg,2
2504.jpg,2
2505.jpg,2
2506.jpg,4
2507.jpg,2
2508.jpg,1
2509.jpg,2
2510.jpg,2
2511.jpg,2
2512.jpg,1
2513.jpg,2
2514.jpg,2
2515.jpg,4
2516.jpg,1
2517.jpg,2
2518.jpg,1
2519.jpg,2
2520.jpg,1
2521.jpg,2
2522.jpg,1
2524.jpg,1
2525.jpg,2
2526.jpg,2
2527.jpg,2
2528.jpg,2
2529.jpg,2
2530.jpg,2
2531.jpg,1
2532.jpg,2
2533.jpg,2
2534.jpg,2
2535.jpg,2
2536.jpg,2
2537.jpg,2
2538.jpg,1
2539.jpg,2
2540.jpg,2
2541.jpg,1
2542.jpg,2
2543.jpg,2
2544.jpg,2
2545.jpg,1
2546.jpg,4
2547.jpg,2
2548.jpg,2
2549.jpg,2
2550.jpg,1
2551.jpg,4
2552.jpg,2
2553.jpg,1
2554.jpg,2
2555.jpg,4
2556.jpg,1
2557.jpg,4
2558.jpg,2
2559.jpg,2
2560.jpg,4
2561.jpg,2
2562.jpg,1
2563.jpg,2
2564.jpg,2
2565.jpg,2
2566.jpg,1
2567.jpg,1
2568.jpg,2
2569.jpg,2
2570.jpg,2
2571.jpg,4
2572.jpg,1
2574.jpg,2
2575.jpg,2
2576.jpg,1
2577.jpg,2
2578.jpg,2
2579.jpg,2
2580.jpg,2
2581.jpg,2
2582.jpg,4
2583.jpg,2
2584.jpg,1
2585.jpg,2
2586.jpg,2
2587.jpg,2
2588.jpg,2
2589.jpg,2
2590.jpg,2
2591.jpg,2
2592.jpg,2
2593.jpg,1
2594.jpg,1
2595.jpg,2
2596.jpg,1
2597.jpg,2
2598.jpg,2
2599.jpg,2
2600.jpg,2
2601.jpg,2
2602.jpg,2
2603.jpg,2
2604.jpg,1
2605.jpg,2
2606.jpg,2
2607.jpg,1
2608.jpg,4
2609.jpg,1
2610.jpg,2
2611.jpg,1
2612.jpg,2
2613.jpg,1
2614.jpg,2
2615.jpg,2
2616.jpg,4
2617.jpg,1
2618.jpg,2
2619.jpg,2
2620.jpg,2
2621.jpg,2
2622.jpg,2
2623.jpg,2
2624.jpg,4
2625.jpg,2
2626.jpg,1
2627.jpg,2
2628.jpg,1
2629.jpg,2
2630.jpg,1
2631.jpg,2
2632.jpg,2
2633.jpg,2
2634.jpg,3
2635.jpg,2
2636.jpg,1
2637.jpg,1
2638.jpg,1
2639.jpg,1
2640.jpg,2
2641.jpg,1
2642.jpg,2
2643.jpg,3
2644.jpg,2
2645.jpg,2
2646.jpg,1
2647.jpg,2
2648.jpg,2
2649.jpg,4
2650.jpg,1
2651.jpg,1
2652.jpg,1
2653.jpg,2
2654.jpg,2
2655.jpg,1
2656.jpg,4
2657.jpg,4
2658.jpg,1
2659.jpg,1
2660.jpg,2
2661.jpg,2
2662.jpg,2
2663.jpg,1
2664.jpg,2
2665.jpg,2
2666.jpg,2
2667.jpg,4
2668.jpg,2
2669.jpg,1
2670.jpg,2
2671.jpg,4
2672.jpg,2
2673.jpg,1
2674.jpg,3
2675.jpg,1
2677.jpg,1
2678.jpg,2
2679.jpg,2
2680.jpg,2
2681.jpg,1
2682.jpg,2
2683.jpg,2
2684.jpg,4
2685.jpg,2
2686.jpg,4
2687.jpg,2
2688.jpg,2
2689.jpg,2
2690.jpg,1
2691.jpg,1
2692.jpg,4
2693.jpg,2
2694.jpg,1
2695.jpg,2
2696.jpg,1
2697.jpg,2
2698.jpg,2
2699.jpg,1
2700.jpg,2
2701.jpg,1
2702.jpg,2
2703.jpg,2
2704.jpg,2
2705.jpg,2
2706.jpg,1
2707.jpg,2
2708.jpg,2
2709.jpg,2
2710.jpg,2
2711.jpg,1
2712.jpg,3
2713.jpg,4
2714.jpg,2
2715.jpg,1
2716.jpg,2
2717.jpg,1
2718.jpg,1
2719.jpg,2
2720.jpg,2
2721.jpg,3
2722.jpg,2
2723.jpg,2
2724.jpg,1
2725.jpg,2
2726.jpg,4
2727.jpg,2
2728.jpg,1
2729.jpg,2
2730.jpg,2
2731.jpg,2
2732.jpg,2
2733.jpg,4
2734.jpg,2
2735.jpg,1
2736.jpg,2
2737.jpg,1
2738.jpg,2
2739.jpg,1
2740.jpg,1
2741.jpg,1
2742.jpg,1
2743.jpg,2
2744.jpg,2
2745.jpg,1
2746.jpg,2
2747.jpg,1
2748.jpg,2
2749.jpg,2
2750.jpg,2
2752.jpg,1
2753.jpg,2
2754.jpg,2
2755.jpg,2
2756.jpg,4
2757.jpg,2
2758.jpg,4
2759.jpg,1
2760.jpg,2
2761.jpg,2
2762.jpg,1
2763.jpg,2
2764.jpg,3
2765.jpg,2
2766.jpg,2
2767.jpg,4
2768.jpg,1
2769.jpg,1
2770.jpg,2
2771.jpg,1
2772.jpg,1
2773.jpg,4
2774.jpg,2
2775.jpg,2
2776.jpg,2
2777.jpg,4
2778.jpg,2
2779.jpg,4
2780.jpg,2
2781.jpg,4
2782.jpg,1
2783.jpg,1
2784.jpg,4
2785.jpg,2
2786.jpg,1
2787.jpg,1
2788.jpg,2
2789.jpg,2
2790.jpg,2
2791.jpg,2
2792.jpg,3
2793.jpg,4
2794.jpg,1
2795.jpg,2
2796.jpg,2
2797.jpg,1
2798.jpg,1
2799.jpg,2
2800.jpg,1
2801.jpg,2
2802.jpg,2
2803.jpg,3
2804.jpg,2
2805.jpg,2
2806.jpg,2
2808.jpg,2
2809.jpg,4
2810.jpg,2
2811.jpg,2
2812.jpg,2
2813.jpg,2
2814.jpg,2
2815.jpg,1
2816.jpg,2
2817.jpg,1
2818.jpg,4
2819.jpg,2
2820.jpg,2
2821.jpg,1
2822.jpg,2
2823.jpg,4
2824.jpg,2
2825.jpg,2
2826.jpg,2
2827.jpg,2
2828.jpg,2
2829.jpg,2
2830.jpg,2
2831.jpg,1
2832.jpg,1
2833.jpg,2
2834.jpg,2
2835.jpg,1
2836.jpg,2
2837.jpg,1
2838.jpg,1
2839.jpg,1
2840.jpg,4
2841.jpg,2
2842.jpg,4
2843.jpg,4
2844.jpg,2
2845.jpg,4
2846.jpg,3
2847.jpg,2
2848.jpg,2
2849.jpg,2
2850.jpg,4
2851.jpg,2
2852.jpg,2
2853.jpg,1
2854.jpg,1
2856.jpg,1
2857.jpg,2
2858.jpg,2
2859.jpg,4
2860.jpg,4
2861.jpg,1
2862.jpg,2
2863.jpg,1
2864.jpg,2
2865.jpg,2
2866.jpg,1
2867.jpg,1
2868.jpg,2
2869.jpg,3
2870.jpg,2
2871.jpg,2
2872.jpg,2
2873.jpg,2
2874.jpg,2
2875.jpg,4
2876.jpg,1
2877.jpg,4
2878.jpg,1
2879.jpg,1
2880.jpg,2
2881.jpg,2
2882.jpg,2
2883.jpg,2
2884.jpg,2
2885.jpg,2
2886.jpg,2
2887.jpg,1
2888.jpg,2
2889.jpg,1
2890.jpg,2
2891.jpg,2
2892.jpg,2
2893.jpg,3
2894.jpg,2
2895.jpg,2
2896.jpg,2
2897.jpg,2
2898.jpg,2
2899.jpg,4
2900.jpg,2
2901.jpg,1
2902.jpg,4
2903.jpg,2
2904.jpg,2
2905.jpg,2
2906.jpg,2
2907.jpg,2
2908.jpg,1
2909.jpg,1
2910.jpg,2
2911.jpg,3
2912.jpg,2
2913.jpg,2
2914.jpg,2
2915.jpg,1
2916.jpg,1
2917.jpg,2
2918.jpg,3
2919.jpg,4
2920.jpg,2
2921.jpg,3
2922.jpg,2
2923.jpg,1
2924.jpg,2
2925.jpg,2
2926.jpg,2
2927.jpg,4
2928.jpg,1
2929.jpg,2
2930.jpg,2
2931.jpg,2
2932.jpg,4
2933.jpg,2
2934.jpg,1
2935.jpg,2
2936.jpg,2
2937.jpg,4
2938.jpg,2
2939.jpg,2
2940.jpg,2
2941.jpg,2
2942.jpg,1
2943.jpg,2
2944.jpg,2
2945.jpg,1
2946.jpg,3
2947.jpg,2
2948.jpg,2
2949.jpg,2
2950.jpg,2
2951.jpg,1
2952.jpg,1
2953.jpg,2
2954.jpg,2
2955.jpg,2
2956.jpg,3
2957.jpg,1
2958.jpg,2
2959.jpg,1
2960.jpg,2
2961.jpg,1
2962.jpg,2
2963.jpg,1
2964.jpg,2
2965.jpg,2
2966.jpg,2
2967.jpg,1
2968.jpg,2
2969.jpg,2
2970.jpg,2
2971.jpg,1
2972.jpg,2
2973.jpg,2
2974.jpg,2
2976.jpg,2
2977.jpg,4
2978.jpg,4
2979.jpg,1
2980.jpg,1
2981.jpg,2
2982.jpg,4
2983.jpg,4
2984.jpg,2
2986.jpg,1
2987.jpg,2
2988.jpg,2
2989.jpg,3
2991.jpg,1
2992.jpg,2
2993.jpg,1
2994.jpg,2
2995.jpg,1
2996.jpg,2
2997.jpg,1
2998.jpg,2
2999.jpg,2
3000.jpg,2
3001.jpg,4
3002.jpg,1
3003.jpg,2
3004.jpg,2
3005.jpg,1
3006.jpg,2
3007.jpg,2
3008.jpg,2
3009.jpg,2
3010.jpg,4
3011.jpg,2
3012.jpg,2
3013.jpg,4
3014.jpg,2
3015.jpg,2
3016.jpg,2
3017.jpg,2
3018.jpg,1
3019.jpg,2
3020.jpg,2
3021.jpg,2
3022.jpg,2
3023.jpg,2
3024.jpg,4
3025.jpg,2
3027.jpg,2
3028.jpg,4
3029.jpg,2
3030.jpg,1
3031.jpg,4
3032.jpg,2
3034.jpg,2
3035.jpg,2
3036.jpg,2
3037.jpg,1
3038.jpg,2
3039.jpg,2
3040.jpg,4
3041.jpg,2
3042.jpg,2
3043.jpg,2
3044.jpg,2
3045.jpg,2
3046.jpg,3
3047.jpg,1
3048.jpg,2
3049.jpg,2
3050.jpg,3
3051.jpg,3
3052.jpg,2
3053.jpg,2
3054.jpg,1
3055.jpg,2
3056.jpg,2
3057.jpg,2
3058.jpg,2
3059.jpg,2
3060.jpg,2
3061.jpg,2
3062.jpg,2
3063.jpg,2
3064.jpg,2
3065.jpg,3
3066.jpg,2
3067.jpg,2
3068.jpg,2
3069.jpg,1
3070.jpg,2
3071.jpg,1
3072.jpg,2
3073.jpg,1
3074.jpg,2
3075.jpg,2
3076.jpg,2
3077.jpg,2
3078.jpg,2
3079.jpg,1
3080.jpg,2
3081.jpg,2
3082.jpg,2
3083.jpg,2
3084.jpg,4
3085.jpg,2
3086.jpg,4
3087.jpg,2
3088.jpg,2
3089.jpg,2
3090.jpg,4
3091.jpg,2
3092.jpg,1
3093.jpg,2
3094.jpg,2
3095.jpg,1
3096.jpg,2
3097.jpg,1
3098.jpg,1
3099.jpg,1
3100.jpg,2
3101.jpg,2
3102.jpg,2
3103.jpg,3
3104.jpg,1
3105.jpg,2
3106.jpg,2
3107.jpg,2
3108.jpg,1
3109.jpg,1
3110.jpg,2
3111.jpg,1
3112.jpg,2
3113.jpg,2
3114.jpg,2
3115.jpg,1
3116.jpg,4
3117.jpg,1
3118.jpg,2
3119.jpg,1
3120.jpg,1
3121.jpg,4
3122.jpg,1
3123.jpg,1
3124.jpg,4
3125.jpg,2
3126.jpg,2
3127.jpg,2
3128.jpg,2
3129.jpg,2
3130.jpg,2
3131.jpg,4
3132.jpg,2
3133.jpg,4
3134.jpg,1
3135.jpg,4
3136.jpg,2
3137.jpg,1
3138.jpg,2
3139.jpg,2
3140.jpg,2
3141.jpg,1
3142.jpg,1
3143.jpg,1
3144.jpg,1
3145.jpg,2
3146.jpg,2
3147.jpg,2
3148.jpg,2
3149.jpg,1
3150.jpg,2
3151.jpg,2
3152.jpg,2
3153.jpg,2
3154.jpg,4
3155.jpg,4
3156.jpg,2
3157.jpg,2
3158.jpg,1
3159.jpg,2
3160.jpg,1
3161.jpg,2
3162.jpg,2
3164.jpg,4
3165.jpg,2
3166.jpg,2
3167.jpg,2
3168.jpg,1
3169.jpg,2
3170.jpg,2
3171.jpg,1
3172.jpg,2
3173.jpg,2
3174.jpg,2
3175.jpg,2
3176.jpg,2
3177.jpg,1
3178.jpg,2
3179.jpg,2
3180.jpg,2
3181.jpg,2
3182.jpg,2
3183.jpg,2
3184.jpg,4
3185.jpg,1
3186.jpg,2
3187.jpg,2
3188.jpg,1
3189.jpg,2
3190.jpg,4
3191.jpg,1
3192.jpg,1
3193.jpg,1
3194.jpg,2
3195.jpg,2
3196.jpg,2
3197.jpg,2
3198.jpg,1
3199.jpg,2
3200.jpg,2
3201.jpg,3
3202.jpg,1
3204.jpg,4
3205.jpg,2
3206.jpg,2
3207.jpg,1
3208.jpg,1
3209.jpg,1
3210.jpg,1
3211.jpg,1
3212.jpg,2
3213.jpg,2
3214.jpg,2
3215.jpg,2
3216.jpg,2
3217.jpg,4
3218.jpg,1
3219.jpg,4
3220.jpg,2
3221.jpg,2
3222.jpg,2
3223.jpg,2
3224.jpg,2
3225.jpg,2
3226.jpg,1
3227.jpg,3
3228.jpg,1
3229.jpg,2
3230.jpg,3
3231.jpg,1
3232.jpg,2
3233.jpg,2
3234.jpg,1
3235.jpg,2
3236.jpg,2
3237.jpg,1
3238.jpg,1
3239.jpg,1
3240.jpg,2
3241.jpg,2
3242.jpg,1
3243.jpg,3
3244.jpg,2
3245.jpg,2
3246.jpg,2
3247.jpg,1
3248.jpg,3
3249.jpg,2
3250.jpg,3
3251.jpg,2
3252.jpg,1
3253.jpg,2
3254.jpg,4
3255.jpg,2
3256.jpg,1
3257.jpg,2
3258.jpg,2
3259.jpg,2
3260.jpg,1
3261.jpg,2
3262.jpg,4
3263.jpg,2
3264.jpg,2
3265.jpg,1
3266.jpg,1
3267.jpg,2
3268.jpg,2
3269.jpg,2
3270.jpg,2
3271.jpg,2
3272.jpg,2
3273.jpg,2
3274.jpg,2
3275.jpg,2
3276.jpg,2
3277.jpg,4
3278.jpg,2
3279.jpg,2
3280.jpg,1
3281.jpg,2
3282.jpg,1
3283.jpg,2
3284.jpg,2
3285.jpg,2
3286.jpg,2
3287.jpg,1
3288.jpg,1
3289.jpg,2
3290.jpg,2
3291.jpg,2
3292.jpg,2
3294.jpg,2
3295.jpg,2
3296.jpg,1
3297.jpg,1
3298.jpg,2
3299.jpg,2
3300.jpg,2
3301.jpg,1
3302.jpg,2
3303.jpg,1
3304.jpg,2
3305.jpg,2
3306.jpg,1
3307.jpg,4
3309.jpg,2
3310.jpg,4
3311.jpg,2
3312.jpg,2
3313.jpg,1
3314.jpg,2
3315.jpg,4
3316.jpg,1
3317.jpg,2
3318.jpg,2
3319.jpg,1
3320.jpg,2
3321.jpg,2
3322.jpg,2
3323.jpg,2
3324.jpg,2
3325.jpg,2
3326.jpg,3
3327.jpg,1
3328.jpg,4
3329.jpg,2
3330.jpg,2
3331.jpg,2
3332.jpg,2
3333.jpg,2
3334.jpg,2
3335.jpg,1
3336.jpg,2
3337.jpg,2
3338.jpg,1
3339.jpg,2
3340.jpg,2
3341.jpg,1
3342.jpg,2
3343.jpg,3
3344.jpg,1
3345.jpg,2
3346.jpg,2
3347.jpg,2
3348.jpg,2
3349.jpg,4
3350.jpg,2
3351.jpg,1
3352.jpg,2
3353.jpg,2
3354.jpg,1
3355.jpg,1
3356.jpg,4
3357.jpg,2
3358.jpg,1
3359.jpg,2
3360.jpg,2
3361.jpg,2
3362.jpg,2
3363.jpg,2
3364.jpg,4
3365.jpg,2
3366.jpg,1
3367.jpg,2
3368.jpg,1
3369.jpg,2
3370.jpg,1
3371.jpg,3
3372.jpg,2
3373.jpg,2
3374.jpg,2
3375.jpg,1
3376.jpg,2
3377.jpg,2
3378.jpg,1
3379.jpg,2
3380.jpg,2
3381.jpg,4
3382.jpg,2
3383.jpg,2
3384.jpg,2
3385.jpg,2
3386.jpg,1
3387.jpg,2
3388.jpg,2
3389.jpg,2
3390.jpg,2
3391.jpg,2
3392.jpg,2
3393.jpg,2
3394.jpg,2
3395.jpg,2
3396.jpg,4
3397.jpg,2
3398.jpg,1
3399.jpg,4
3400.jpg,1
3401.jpg,2
3402.jpg,4
3403.jpg,2
3404.jpg,2
3405.jpg,1
3406.jpg,2
3407.jpg,1
3408.jpg,4
3409.jpg,2
3410.jpg,3
3411.jpg,1
3412.jpg,1
3413.jpg,2
3414.jpg,2
3415.jpg,2
3416.jpg,2
3417.jpg,3
3418.jpg,2
3419.jpg,2
3420.jpg,2
3421.jpg,2
3422.jpg,1
3423.jpg,2
3424.jpg,2
3425.jpg,1
3426.jpg,1
3427.jpg,1
3428.jpg,2
3429.jpg,1
3430.jpg,2
3431.jpg,2
3432.jpg,2
3433.jpg,2
3434.jpg,2
3435.jpg,2
3436.jpg,2
3437.jpg,2
3438.jpg,4
3439.jpg,2
3440.jpg,1
3441.jpg,1
3442.jpg,1
3443.jpg,1
3444.jpg,1
3445.jpg,4
3446.jpg,2
3447.jpg,1
3448.jpg,2
3449.jpg,1
3450.jpg,2
3451.jpg,1
3452.jpg,2
3453.jpg,2
3454.jpg,2
3455.jpg,2
3456.jpg,3
3457.jpg,4
3458.jpg,1
3459.jpg,2
3460.jpg,2
3461.jpg,2
3462.jpg,1
3463.jpg,4
3464.jpg,2
3465.jpg,1
3466.jpg,1
3467.jpg,2
3468.jpg,2
3469.jpg,2
3470.jpg,3
3471.jpg,2
3472.jpg,2
3473.jpg,1
3474.jpg,2
3475.jpg,2
3476.jpg,1
3477.jpg,1
3478.jpg,1
3479.jpg,3
3480.jpg,2
3481.jpg,2
3482.jpg,2
3483.jpg,2
3484.jpg,2
3485.jpg,2
3486.jpg,4
3487.jpg,2
3488.jpg,3
3489.jpg,1
3490.jpg,2
3491.jpg,3
3492.jpg,2
3493.jpg,2
3494.jpg,1
3495.jpg,1
3496.jpg,2
3497.jpg,2
3498.jpg,2
3499.jpg,2
3500.jpg,2
3501.jpg,2
3502.jpg,1
3503.jpg,2
3504.jpg,2
3505.jpg,2
3506.jpg,4
3507.jpg,2
3508.jpg,1
3509.jpg,2
3510.jpg,1
3511.jpg,1
3512.jpg,2
3513.jpg,2
3514.jpg,2
3515.jpg,1
3516.jpg,1
3517.jpg,2
3518.jpg,2
3519.jpg,2
3520.jpg,2
3521.jpg,2
3522.jpg,2
3523.jpg,4
3524.jpg,4
3525.jpg,2
3526.jpg,2
3527.jpg,2
3528.jpg,1
3529.jpg,2
3530.jpg,1
3531.jpg,3
3532.jpg,2
3533.jpg,3
3534.jpg,3
3535.jpg,2
3536.jpg,2
3537.jpg,1
3538.jpg,2
3539.jpg,2
3540.jpg,2
3541.jpg,3
3542.jpg,4
3544.jpg,2
3545.jpg,2
3546.jpg,1
3547.jpg,3
3548.jpg,2
3549.jpg,1
3550.jpg,2
3551.jpg,3
3552.jpg,1
3553.jpg,2
3554.jpg,1
3555.jpg,2
3556.jpg,2
3557.jpg,1
3558.jpg,2
3559.jpg,2
3560.jpg,2
3561.jpg,2
3562.jpg,2
3563.jpg,2
3564.jpg,2
3565.jpg,2
3566.jpg,2
3567.jpg,2
3568.jpg,4
3569.jpg,2
3570.jpg,2
3571.jpg,2
3572.jpg,2
3573.jpg,4
3574.jpg,4
3575.jpg,1
3576.jpg,1
3577.jpg,4
3578.jpg,2
3579.jpg,1
3580.jpg,1
3581.jpg,4
3582.jpg,2
3583.jpg,2
3584.jpg,2
3585.jpg,1
3586.jpg,4
3587.jpg,2
3588.jpg,2
3589.jpg,3
3590.jpg,2
3591.jpg,4
3592.jpg,3
3593.jpg,1
3594.jpg,4
3595.jpg,4
3596.jpg,4
3597.jpg,2
3598.jpg,1
3599.jpg,2
3600.jpg,2
3601.jpg,1
3603.jpg,2
3604.jpg,2
3605.jpg,2
3606.jpg,4
3607.jpg,2
3608.jpg,1
3609.jpg,2
3610.jpg,2
3611.jpg,2
3612.jpg,2
3613.jpg,2
3614.jpg,2
3615.jpg,2
3616.jpg,4
3617.jpg,2
3618.jpg,1
3619.jpg,2
3620.jpg,2
3621.jpg,2
3622.jpg,2
3623.jpg,2
3624.jpg,4
3625.jpg,2
3626.jpg,1
3627.jpg,2
3628.jpg,1
3629.jpg,1
3630.jpg,1
3631.jpg,2
3632.jpg,2
3633.jpg,2
3634.jpg,3
3635.jpg,2
3636.jpg,1
3637.jpg,2
3638.jpg,2
3639.jpg,2
3640.jpg,1
3641.jpg,1
3642.jpg,2
3643.jpg,2
3644.jpg,1
3645.jpg,1
3646.jpg,2
3647.jpg,2
3648.jpg,1
3649.jpg,2
3650.jpg,2
3651.jpg,2
3652.jpg,2
3653.jpg,2
3654.jpg,2
3655.jpg,2
3656.jpg,1
3658.jpg,2
3659.jpg,3
3660.jpg,1
3661.jpg,2
3662.jpg,4
3663.jpg,2
3664.jpg,2
3665.jpg,2
3666.jpg,1
3667.jpg,2
3668.jpg,2
3669.jpg,2
3670.jpg,2
3671.jpg,4
3672.jpg,2
3673.jpg,2
3674.jpg,2
3675.jpg,3
3677.jpg,2
3678.jpg,2
3679.jpg,1
3680.jpg,2
3681.jpg,1
3682.jpg,3
3683.jpg,2
3684.jpg,2
3685.jpg,2
3686.jpg,2
3687.jpg,2
3688.jpg,1
3689.jpg,2
3690.jpg,2
3691.jpg,2
3692.jpg,2
3693.jpg,2
3694.jpg,4
3695.jpg,2
3696.jpg,4
3697.jpg,4
3698.jpg,1
3699.jpg,2
3700.jpg,1
3701.jpg,2
3702.jpg,2
3703.jpg,4
3704.jpg,2
3705.jpg,2
3706.jpg,2
3707.jpg,1
3708.jpg,2
3709.jpg,1
3710.jpg,1
3711.jpg,3
3712.jpg,2
3713.jpg,2
3714.jpg,2
3715.jpg,4
3716.jpg,4
3717.jpg,1
3718.jpg,1
3719.jpg,2
3720.jpg,2
3721.jpg,2
3722.jpg,2
3723.jpg,1
3724.jpg,2
3725.jpg,2
3726.jpg,2
3727.jpg,2
3728.jpg,2
3729.jpg,2
3730.jpg,3
3731.jpg,2
3732.jpg,2
3733.jpg,1
3734.jpg,3
3735.jpg,1
3736.jpg,2
3737.jpg,4
3738.jpg,1
3739.jpg,2
3740.jpg,1
3741.jpg,2
3742.jpg,4
3743.jpg,1
3744.jpg,2
3745.jpg,2
3746.jpg,3
3747.jpg,2
3748.jpg,2
3749.jpg,2
3750.jpg,2
3751.jpg,2
3752.jpg,2
3753.jpg,2
3754.jpg,4
3755.jpg,2
3756.jpg,2
3757.jpg,2
3758.jpg,2
3759.jpg,2
3760.jpg,4
3761.jpg,4
3762.jpg,2
3763.jpg,2
3764.jpg,4
3765.jpg,2
3766.jpg,1
3767.jpg,2
3768.jpg,1
3769.jpg,2
3770.jpg,2
3771.jpg,1
3772.jpg,2
3773.jpg,1
3774.jpg,2
3775.jpg,2
3776.jpg,2
3777.jpg,2
3778.jpg,2
3779.jpg,2
3780.jpg,1
3781.jpg,1
3782.jpg,1
3783.jpg,2
3784.jpg,2
3785.jpg,2
3786.jpg,2
3787.jpg,3
3788.jpg,2
3789.jpg,1
3790.jpg,2
3791.jpg,1
3792.jpg,1
3793.jpg,1
3794.jpg,3
3795.jpg,2
3796.jpg,2
3797.jpg,1
3798.jpg,2
3799.jpg,2
3800.jpg,2
3801.jpg,1
3802.jpg,2
3803.jpg,4
3804.jpg,2
3805.jpg,4
3806.jpg,2
3807.jpg,2
3808.jpg,4
3809.jpg,3
3810.jpg,1
3811.jpg,3
3812.jpg,1
3813.jpg,2
3814.jpg,2
3815.jpg,2
3816.jpg,1
3817.jpg,1
3818.jpg,2
3819.jpg,1
3820.jpg,2
3821.jpg,4
3822.jpg,2
3823.jpg,2
3824.jpg,2
3825.jpg,2
3826.jpg,1
3827.jpg,2
3828.jpg,2
3829.jpg,1
3830.jpg,4
3831.jpg,2
3832.jpg,1
3833.jpg,1
3834.jpg,2
3835.jpg,2
3836.jpg,2
3837.jpg,2
3838.jpg,2
3839.jpg,2
3840.jpg,2
3841.jpg,2
3842.jpg,4
3843.jpg,2
3844.jpg,2
3845.jpg,4
3846.jpg,2
3848.jpg,2
3849.jpg,3
3850.jpg,2
3851.jpg,1
3852.jpg,2
3853.jpg,4
3854.jpg,2
3855.jpg,2
3856.jpg,4
3857.jpg,2
3858.jpg,2
3859.jpg,2
3860.jpg,1
3861.jpg,1
3862.jpg,2
3863.jpg,2
3864.jpg,1
3865.jpg,4
3866.jpg,2
3867.jpg,1
3868.jpg,2
3869.jpg,4
3870.jpg,2
3871.jpg,2
3872.jpg,2
3873.jpg,1
3874.jpg,1
3875.jpg,2
3876.jpg,2
3877.jpg,1
3878.jpg,2
3879.jpg,2
3880.jpg,1
3881.jpg,4
3882.jpg,1
3883.jpg,2
3884.jpg,2
3885.jpg,2
3886.jpg,4
3887.jpg,1
3888.jpg,2
3889.jpg,1
3890.jpg,2
3891.jpg,2
3892.jpg,2
3893.jpg,2
3894.jpg,2
3895.jpg,2
3896.jpg,2
3897.jpg,3
3898.jpg,2
3899.jpg,2
3900.jpg,2
3901.jpg,2
3902.jpg,2
3903.jpg,1
3904.jpg,4
3905.jpg,1
3906.jpg,4
3907.jpg,1
3908.jpg,2
3909.jpg,4
3910.jpg,1
3911.jpg,2
3912.jpg,2
3913.jpg,2
3914.jpg,1
3915.jpg,1
3916.jpg,1
3917.jpg,3
3918.jpg,2
3919.jpg,2
3920.jpg,2
3921.jpg,4
3922.jpg,2
3923.jpg,2
3924.jpg,4
3925.jpg,1
3926.jpg,1
3927.jpg,2
3928.jpg,2
3929.jpg,2
3930.jpg,2
3931.jpg,2
3932.jpg,2
3933.jpg,2
3934.jpg,1
3935.jpg,2
3936.jpg,2
3937.jpg,2
3938.jpg,2
3939.jpg,1
3940.jpg,1
3941.jpg,2
3942.jpg,4
3943.jpg,3
3944.jpg,2
3945.jpg,2
3946.jpg,1
3947.jpg,1
3948.jpg,1
3949.jpg,2
3950.jpg,1
3951.jpg,2
3952.jpg,2
3953.jpg,4
3954.jpg,2
3955.jpg,1
3956.jpg,1
3957.jpg,4
3958.jpg,2
3959.jpg,4
3960.jpg,4
3962.jpg,2
3963.jpg,2
3964.jpg,2
3965.jpg,1
3966.jpg,2
3967.jpg,2
3968.jpg,2
3969.jpg,4
3970.jpg,2
3971.jpg,1
3972.jpg,2
3973.jpg,2
3974.jpg,4
3975.jpg,1
3976.jpg,2
3977.jpg,4
3978.jpg,2
3979.jpg,1
3980.jpg,2
3981.jpg,1
3982.jpg,2
3983.jpg,2
3984.jpg,4
3985.jpg,2
3986.jpg,2
3987.jpg,2
3988.jpg,3
3989.jpg,1
3990.jpg,1
3991.jpg,1
3992.jpg,2
3993.jpg,4
3994.jpg,2
3995.jpg,1
3996.jpg,2
3997.jpg,2
3998.jpg,3
3999.jpg,1
4000.jpg,2
4001.jpg,2
4002.jpg,2
4003.jpg,2
4004.jpg,2
4005.jpg,1
4006.jpg,2
4007.jpg,4
4008.jpg,2
4009.jpg,2
4010.jpg,1
4011.jpg,2
4012.jpg,2
4013.jpg,2
4014.jpg,2
4015.jpg,2
4016.jpg,2
4017.jpg,2
4018.jpg,2
4019.jpg,2
4020.jpg,4
4021.jpg,1
4022.jpg,3
4023.jpg,2
4024.jpg,2
4025.jpg,2
4026.jpg,4
4027.jpg,2
4028.jpg,1
4029.jpg,1
4030.jpg,2
4031.jpg,2
4032.jpg,2
4033.jpg,2
4034.jpg,1
4035.jpg,4
4036.jpg,1
4037.jpg,1
4038.jpg,2
4039.jpg,4
4040.jpg,4
4041.jpg,3
4042.jpg,4
4043.jpg,2
4044.jpg,2
4045.jpg,2
4046.jpg,2
4047.jpg,2
4048.jpg,1
4049.jpg,2
4050.jpg,2
4051.jpg,2
4052.jpg,1
4053.jpg,1
4054.jpg,2
4055.jpg,2
4056.jpg,2
4057.jpg,2
4058.jpg,1
4059.jpg,2
4060.jpg,2
4061.jpg,2
4062.jpg,2
4063.jpg,1
4064.jpg,3
4065.jpg,2
4066.jpg,2
4067.jpg,2
4068.jpg,4
4069.jpg,2
4071.jpg,1
4072.jpg,1
4073.jpg,2
4074.jpg,2
4075.jpg,2
4076.jpg,4
4077.jpg,2
4078.jpg,2
4079.jpg,2
4080.jpg,2
4081.jpg,2
4082.jpg,2
4083.jpg,2
4084.jpg,1
4085.jpg,2
4086.jpg,2
4087.jpg,1
4088.jpg,1
4089.jpg,2
4090.jpg,2
4092.jpg,2
4093.jpg,4
4094.jpg,2
4095.jpg,1
4096.jpg,4
4097.jpg,3
4098.jpg,2
4099.jpg,2
4100.jpg,2
4101.jpg,2
4102.jpg,2
4103.jpg,2
4104.jpg,2
